img,cls
database/art_cybr/283001.jpg,art_cybr
database/art_cybr/283002.jpg,art_cybr
database/art_cybr/283004.jpg,art_cybr
database/art_cybr/283007.jpg,art_cybr
database/art_cybr/283006.jpg,art_cybr
database/art_cybr/283005.jpg,art_cybr
database/art_cybr/283000.jpg,art_cybr
database/art_cybr/283009.jpg,art_cybr
database/art_cybr/283008.jpg,art_cybr
database/art_cybr/283003.jpg,art_cybr
database/bld_lighthse/387008.jpg,bld_lighthse
database/bld_lighthse/387005.jpg,bld_lighthse
database/bld_lighthse/387001.jpg,bld_lighthse
database/bld_lighthse/387003.jpg,bld_lighthse
database/bld_lighthse/387002.jpg,bld_lighthse
database/bld_lighthse/387006.jpg,bld_lighthse
database/bld_lighthse/387000.jpg,bld_lighthse
database/bld_lighthse/387009.jpg,bld_lighthse
database/bld_lighthse/387007.jpg,bld_lighthse
database/bld_lighthse/387004.jpg,bld_lighthse
database/art_mural/554008.jpg,art_mural
database/art_mural/554005.jpg,art_mural
database/art_mural/554007.jpg,art_mural
database/art_mural/554000.jpg,art_mural
database/art_mural/554004.jpg,art_mural
database/art_mural/554002.jpg,art_mural
database/art_mural/554006.jpg,art_mural
database/art_mural/554009.jpg,art_mural
database/art_mural/554001.jpg,art_mural
database/art_mural/554003.jpg,art_mural
database/obj_decoys/655001.jpg,obj_decoys
database/obj_decoys/655009.jpg,obj_decoys
database/obj_decoys/655005.jpg,obj_decoys
database/obj_decoys/655002.jpg,obj_decoys
database/obj_decoys/655004.jpg,obj_decoys
database/obj_decoys/655000.jpg,obj_decoys
database/obj_decoys/655003.jpg,obj_decoys
database/obj_decoys/655007.jpg,obj_decoys
database/obj_decoys/655006.jpg,obj_decoys
database/obj_decoys/655008.jpg,obj_decoys
database/obj_aviation/360004.jpg,obj_aviation
database/obj_aviation/360000.jpg,obj_aviation
database/obj_aviation/360005.jpg,obj_aviation
database/obj_aviation/360008.jpg,obj_aviation
database/obj_aviation/360009.jpg,obj_aviation
database/obj_aviation/360007.jpg,obj_aviation
database/obj_aviation/360006.jpg,obj_aviation
database/obj_aviation/360002.jpg,obj_aviation
database/obj_aviation/360001.jpg,obj_aviation
database/obj_aviation/360003.jpg,obj_aviation
database/obj_car/29005.jpg,obj_car
database/obj_car/29008.jpg,obj_car
database/obj_car/29003.jpg,obj_car
database/obj_car/29001.jpg,obj_car
database/obj_car/29006.jpg,obj_car
database/obj_car/29009.jpg,obj_car
database/obj_car/29007.jpg,obj_car
database/obj_car/29002.jpg,obj_car
database/obj_car/29010.jpg,obj_car
database/obj_car/29000.jpg,obj_car
database/art_1/193003.jpg,art_1
database/art_1/193006.jpg,art_1
database/art_1/193002.jpg,art_1
database/art_1/193007.jpg,art_1
database/art_1/193001.jpg,art_1
database/art_1/193004.jpg,art_1
database/art_1/193000.jpg,art_1
database/art_1/193009.jpg,art_1
database/art_1/193005.jpg,art_1
database/art_1/193008.jpg,art_1
database/eat_feasts/569004.jpg,eat_feasts
database/eat_feasts/569006.jpg,eat_feasts
database/eat_feasts/569009.jpg,eat_feasts
database/eat_feasts/569001.jpg,eat_feasts
database/eat_feasts/569008.jpg,eat_feasts
database/eat_feasts/569005.jpg,eat_feasts
database/eat_feasts/569003.jpg,eat_feasts
database/eat_feasts/569002.jpg,eat_feasts
database/eat_feasts/569007.jpg,eat_feasts
database/eat_feasts/569000.jpg,eat_feasts
database/bld_modern/212007.jpg,bld_modern
database/bld_modern/212009.jpg,bld_modern
database/bld_modern/212008.jpg,bld_modern
database/bld_modern/212001.jpg,bld_modern
database/bld_modern/212016.jpg,bld_modern
database/bld_modern/212015.jpg,bld_modern
database/bld_modern/212004.jpg,bld_modern
database/bld_modern/212003.jpg,bld_modern
database/bld_modern/212014.jpg,bld_modern
database/bld_modern/212017.jpg,bld_modern
database/obj_dish/433008.jpg,obj_dish
database/obj_dish/433005.jpg,obj_dish
database/obj_dish/433007.jpg,obj_dish
database/obj_dish/433001.jpg,obj_dish
database/obj_dish/433004.jpg,obj_dish
database/obj_dish/433009.jpg,obj_dish
database/obj_dish/433003.jpg,obj_dish
database/obj_dish/433006.jpg,obj_dish
database/obj_dish/433000.jpg,obj_dish
database/obj_dish/433002.jpg,obj_dish
database/fitness/280008.jpg,fitness
database/fitness/280001.jpg,fitness
database/fitness/280006.jpg,fitness
database/fitness/280000.jpg,fitness
database/fitness/280004.jpg,fitness
database/fitness/280003.jpg,fitness
database/fitness/280007.jpg,fitness
database/fitness/280005.jpg,fitness
database/fitness/280002.jpg,fitness
database/fitness/280009.jpg,fitness
database/obj_bus/581002.jpg,obj_bus
database/obj_bus/581007.jpg,obj_bus
database/obj_bus/581001.jpg,obj_bus
database/obj_bus/581006.jpg,obj_bus
database/obj_bus/581008.jpg,obj_bus
database/obj_bus/581009.jpg,obj_bus
database/obj_bus/581000.jpg,obj_bus
database/obj_bus/581005.jpg,obj_bus
database/obj_bus/581004.jpg,obj_bus
database/obj_bus/581003.jpg,obj_bus